Target	Start_Dangling_End	Stop_Dangling_End	Fwd_Primer_Len	Rev_Primer_Len	Amplicon_Len	Fwd_END_3	Rev_END_3	Fwd_Primer_GC_content	Rev_Primer_GC_content	Amplicon_GC_content	Fwd_Primer_MaxPolyX	Rev_Primer_MaxPolyX	Amplicon_MaxPolyX	Fwd_Primer_Entropy	Rev_Primer_Entropy	Amplicon_Entropy	Fwd_Primer_Hash	Rev_Primer_Hash	Amplicon_Hash	res	logres	sd	mean	MeansSD
AMPL811140534	G	T	28	28	165	T	A	42.8571428571429	35.7142857142857	24.2424242424242	2	2	4	0.34501980973169	0.347538187639655	0.351582855188812	61991448825	47011025710	20963054896	0.0053032390012574	-5.23943751277665	0.00162771935071761	0.0041385361674005	0.000915042176749104
AMPL811141827	A	T	29	28	69	A	G	34.4827586206897	39.2857142857143	36.231884057971	2	3	3	0.347972390727236	0.346278998685673	0.347355696486904	34992066916	62273651822	59225878288	0.0144759463613465	-4.23526687863798	0.00898671568111243	0.019599594360705	0.00596603653907296
AMPL1497161003	T	T	33	28	115	A	T	30.3030303030303	35.7142857142857	31.304347826087	2	2	3	0.349446049691145	0.347538187639655	0.349093012261095	769310523	17062437501	50273459843	0.00789760995978489	-4.84119510201872	0.0012025381684744	0.00797030372051342	0.000624516287214873
AMPL811143696	A	T	27	28	159	T	A	37.037037037037	39.2857142857143	30.8176100628931	3	2	3	0.347071821360403	0.346278998685673	0.349264622809267	36448875522	41347796240	39024737888	0.00536478436945802	-5.22789909579331	0.000794489025895128	0.0057430120333503	0.000368659471473519
AMPL811145968	T	A	27	28	130	A	C	37.037037037037	39.2857142857143	30.7692307692308	3	1	4	0.347071821360403	0.346278998685673	0.349281680037478	17889013059	24210944369	49481300080	0.00722446836694276	-4.93028163012103	0.00141388815837043	0.00810761718754774	0.000869218849831927
AMPL659794021	A	A	28	28	140	A	A	35.7142857142857	35.7142857142857	40.7142857142857	4	4	4	0.347538187639655	0.347538187639655	0.345775323104079	42948665367	39416180540	37035405025	0.00645046119078882	-5.04360364828276	0.00146717246816708	0.00764421107088866	0.00103134550485435
AMPL663072267	A	T	22	23	108	T	C	50	47.8260869565217	55.5555555555556	2	2	4	0.342501431823724	0.343267894665279	0.340542693450862	20710308680	33335803072	49596249068	0.011013669646454	-4.50861808255808	0.00159131126418253	0.0111518702604461	0.000900958001005999
AMPL663100272	T	T	20	28	175	A	T	55	39.2857142857143	47.4285714285714	1	2	4	0.340738567288148	0.346278998685673	0.343408047870592	44476332689	60992331228	33125551706	0.00603059171805342	-5.11091014402696	0.000911056726450111	0.00538905172345318	0.000600465257030299
AMPL658783041	A	A	26	26	137	A	A	38.4615384615385	42.3076923076923	45.2554744525547	3	1	2	0.346569580751976	0.345213531109226	0.344174222988869	52849938158	53982177464	60217088563	0.0120897849896889	-4.41539439865841	0.00144050840271657	0.0118778737913415	0.00101384554621573
AMPL659377496	A	A	26	25	153	G	G	42.3076923076923	44	49.6732026143791	2	1	4	0.345213531109226	0.344616869266415	0.34261665172801	50310599978	28214602841	38036358013	0.00923483682153111	-4.68477233505595	0.00157433437019863	0.00822729218807426	0.00126879838315945
AMPL556370172	A	T	21	25	179	C	G	52.3809523809524	44	48.0446927374302	2	2	5	0.341661972521069	0.344616869266415	0.343190820189592	1591282288	20441949296	31726753678	0.00628846616265955	-5.06903809132011	0.00119544333585393	0.00526090069688201	0.000845297745919258
AMPL556350401	G	A	20	24	179	A	G	55	41.6666666666667	55.3072625698324	1	2	4	0.340738567288148	0.345439539383017	0.340630234830654	17327948401	59471139141	47517275597	0.00809431740466247	-4.81659301848854	0.00105602105982681	0.00738419824531474	0.000513521540413534
AMPL658674329	A	C	25	24	137	G	G	40	45.8333333333333	44.5255474452555	3	3	4	0.346027160894876	0.343970485603371	0.344431575475814	2153941356	58420428574	60028405699	0.0115817374146706	-4.45832578228233	0.00137247475804613	0.0120184672078149	0.000665329473930093
AMPL658804790	G	A	20	25	180	T	G	55	40	47.7777777777778	2	3	4	0.340738567288148	0.346027160894876	0.343284927172869	58795698125	47185076131	45823713469	0.00413610239510689	-5.48800138504501	0.000878425599671085	0.00181139760372028	0.00107589225405521
AMPL661534109	T	C	25	26	106	G	A	40	42.3076923076923	54.7169811320755	1	2	5	0.346027160894876	0.345213531109226	0.34083835207318	36341088094	34335085508	24345673684	0.0127036144539403	-4.36586872333678	0.00190908021816256	0.0132845836266394	0.00105170137973685
AMPL661570029	G	C	21	22	114	G	C	57.1428571428571	54.5454545454545	49.1228070175439	1	2	2	0.339983053915759	0.340898827700473	0.34281070630365	16777173072	56247309655	31469519476	0.0142249651024242	-4.2527567522294	0.00203867346051455	0.0135919122406478	0.00133499413821934
AMPL659619504	G	A	21	22	151	G	A	52.3809523809524	50	41.7218543046358	1	1	4	0.341661972521069	0.342501431823724	0.345420081717062	24985431803	40235212283	17844698275	0.0104958041169241	-4.55677970959517	0.00179146630093266	0.0117193360308023	0.00117812684835012
AMPL556186951	C	A	27	28	170	C	A	40.7407407407407	32.1428571428571	37.0588235294118	3	3	3	0.345765995778494	0.348797376593638	0.34706414003345	57812439544	29853352135	52080902326	0.00822519284808686	-4.80055353602966	0.0010856058226007	0.00740038910264523	0.00074601656295999
AMPL663779199	A	T	28	20	173	T	G	39.2857142857143	60	58.3815028901734	2	2	3	0.346278998685673	0.338975702752572	0.339546340983741	42586345186	57347493590	44832123587	0.00618420431101419	-5.08575692959236	0.000969851710077593	0.00508023679930381	0.000762996339172175
AMPL812518150	T	G	20	19	137	C	T	55	63.1578947368421	56.2043795620438	1	1	3	0.340738567288148	0.33786231462484	0.340313935684688	18237119553	6944946620	42953376784	0.0105645860726476	-4.55024780779686	0.00134684813189116	0.0109612646739823	0.000920994884416641
AMPL812522983	A	G	18	19	188	A	G	61.1111111111111	57.8947368421053	70.2127659574468	3	2	4	0.338583955078	0.339717961504394	0.335374958169268	62098312721	23106623134	18992277214	0.00363614208801779	-5.61683202531773	0.000812392170225896	0.00286666769896451	0.000645158310887428
AMPL811679394	A	T	20	28	156	G	G	55	39.2857142857143	47.4358974358974	3	3	5	0.340738567288148	0.346278998685673	0.343405464918891	15308382664	9243300030	57290031219	0.00510572288127357	-5.2773932347901	0.000864299671550547	0.00553262189780346	0.00051469934973458
AMPL1380948435	A	A	20	21	168	C	G	55	57.1428571428571	58.3333333333333	2	2	5	0.340738567288148	0.339983053915758	0.339563324264431	9322597998	37207251816	39062098745	0.00357726432634952	-5.63315692533549	0.000796732735014597	0.00256540943241928	0.000746213293752234
AMPL1380948436	G	T	23	22	131	T	G	47.8260869565217	50	61.0687022900763	4	1	3	0.343267894665279	0.342501431823724	0.338598907279319	54918581231	12154557530	16726924863	0.00687585915287709	-4.9797386755461	0.0012224262391196	0.00562283987927511	0.000925886397849832
AMPL493118173	T	T	20	25	82	T	T	55	36	54.8780487804878	2	3	5	0.340738567288148	0.347437452523337	0.340781563984138	11494658552	52975122405	33987321148	0.0110766683915207	-4.50291432956416	0.00274855685252971	0.0112767339200624	0.00193982736104551
AMPL612960426	A	A	28	27	170	C	G	39.2857142857143	40.7407407407407	35.2941176470588	2	2	4	0.346278998685673	0.345765995778494	0.347686327516594	43693545729	17395175933	26716056790	0.0136380913941959	-4.29488856346927	0.00286489904261082	0.0122216175589579	0.00188878942988574
AMPL1316862546	T	T	28	28	112	A	A	32.1428571428571	39.2857142857143	41.0714285714286	3	2	3	0.348797376593638	0.346278998685673	0.345649404208681	23653694807	27240574986	5334101993	0.00729619151839162	-4.92040277677507	0.00146591896847736	0.00699511567938152	0.000946837882443757
AMPL612959905	T	T	28	26	171	T	T	35.7142857142857	42.3076923076923	30.4093567251462	1	2	5	0.347538187639655	0.345213531109226	0.349408561875396	11334536918	33286324864	61974603448	0.0119766749897725	-4.42479427158163	0.0022228437185683	0.00583552963948765	0.00260651922562412
AMPL469286737	T	A	26	24	122	G	A	38.4615384615385	45.8333333333333	36.8852459016393	2	2	4	0.346569580751976	0.343970485603371	0.347125338802284	21969116148	57500306604	57870386084	0.0101916407332726	-4.58618743064876	0.00220131080649076	0.0109686990413133	0.00160600793386638
AMPL469324749	A	C	23	28	169	C	G	47.8260869565217	42.8571428571429	42.603550295858	2	1	4	0.343267894665279	0.34501980973169	0.345109219598245	19499717364	50805749750	11317955303	0.00791810195983466	-4.83860375341285	0.00125684259986371	0.00642208931668026	0.000987565313592487
AMPL844200061	T	G	28	29	166	A	A	35.7142857142857	37.9310344827586	21.0843373493976	1	2	4	0.347538187639655	0.346756622082011	0.352696311065609	22877364592	62509969613	6180819799	0.000317447164722835	-8.05519916380104	0.000242561112835591	0.000292216805118973	7.03579594099084e-05
AMPL468748906	A	A	28	26	95	T	A	39.2857142857143	38.4615384615385	31.5789473684211	3	2	3	0.346278998685673	0.346569580751976	0.348996195902162	49582477712	1624824791	45012081694	0.00650140276966776	-5.03573731464621	0.00180055981398234	0.00622944552004238	0.00104830578972107
AMPL467504527	A	A	28	21	172	C	A	35.7142857142857	52.3809523809524	41.2790697674419	3	3	4	0.347538187639655	0.341661972521069	0.345576195548566	43915285117	50447245812	4559438076	0.00889678602767796	-4.72206518794937	0.00131039403792146	0.0084532749367477	0.000723026162638218
AMPL467561353	C	T	20	27	168	C	A	55	40.7407407407407	42.2619047619048	2	3	4	0.340738567288148	0.345765995778494	0.345229674557353	1884711221	50221343332	58213600796	0.00628144070530778	-5.07015591313965	0.000953870497105134	0.00556455407376916	0.000564436924106131
AMPL468865894	T	A	31	28	141	A	A	32.258064516129	39.2857142857143	31.2056737588652	3	1	4	0.348756757595123	0.346278998685673	0.349127802063832	36512306886	29584624204	14969540171	0.00716964602919092	-4.93789899390294	0.00191691562915421	0.00955447258241759	0.0016204307273761
AMPL468874944	A	A	29	27	135	T	T	37.9310344827586	40.7407407407407	27.4074074074074	2	2	5	0.346756622082011	0.345765995778494	0.350466967873364	8076118111	42903802597	6656267359	0.00467210899943255	-5.36614470337037	0.000975495411364143	0.00439376825946248	0.000353080665647781
AMPL556296474	G	T	29	25	73	G	A	37.9310344827586	44	42.4657534246575	2	2	4	0.346756622082011	0.344616869266415	0.345157803041715	59701010154	29595182991	22646715786	0.0144655049095628	-4.23598843555916	0.00988533817321881	0.0183715788956258	0.00625053386250427
AMPL468184487	A	G	22	28	97	A	A	50	35.7142857142857	29.8969072164948	2	4	3	0.342501431823724	0.347538187639655	0.349589237688411	23586585705	36772077816	14837487326	0.00585537156619582	-5.14039582259748	0.00482322724497106	0.00800014053578467	0.00188299506181704
AMPL467649362	T	A	23	26	92	C	A	47.8260869565217	38.4615384615385	42.3913043478261	1	3	2	0.343267894665279	0.346569580751976	0.345184051769166	40904198237	54659192988	38180194138	0	-10	0	0	0
AMPL712350278	G	T	27	28	148	T	A	40.7407407407407	35.7142857142857	34.4594594594595	3	2	3	0.345765995778494	0.347538187639655	0.347980605380244	35520745873	20179230992	12202710187	0.0067782446625324	-4.99403710988155	0.00216174552354862	0.00813192438237923	0.00164383530234586
AMPL468091028	A	A	28	25	166	A	A	42.8571428571429	44	25.9036144578313	2	2	4	0.34501980973169	0.344616869266415	0.350997164525295	17552341491	61961515848	58558444201	0.00693270083872213	-4.97150581028855	0.0016283269251708	0.00605465815583145	0.00091498419975022
AMPL474961767	T	C	27	29	169	T	A	33.3333333333333	37.9310344827586	19.5266272189349	2	3	4	0.348377646942311	0.346756622082011	0.353245517454749	48437433489	37190122936	40263016423	0.000527540062195458	-7.54728574820793	0.000350493188740296	0.000303581889712848	0.000127368039824462
AMPL468866489	T	T	27	24	171	T	T	37.037037037037	45.8333333333333	38.5964912280702	4	3	6	0.347071821360403	0.343970485603371	0.346522000062757	18296175311	58367772968	13824611099	0.00650955903505611	-5.0344835616064	0.00161891799751719	0.00677224632572235	0.00109730290767997
AMPL468922661	A	A	24	22	164	T	A	45.8333333333333	50	37.1951219512195	2	2	5	0.343970485603371	0.342501431823724	0.347016084902638	25031715025	52303684385	29676638386	0.00585060218129216	-5.141210686063	0.000788690180065817	0.00524479547061025	0.000431144242363331
AMPL468425396	A	T	21	27	177	T	G	52.3809523809524	37.037037037037	36.1581920903955	2	2	7	0.341661972521069	0.347071821360403	0.347381678278143	16316058445	37536935091	12825376478	0.00493830091087001	-5.31073395211302	0.00107842740029217	0.00495437177142559	0.000873062915599898
AMPL1314131500	T	T	26	20	119	A	A	38.4615384615385	55	36.9747899159664	2	2	3	0.346569580751976	0.340738567288148	0.347093768008838	39556270165	15323707038	29712205218	0.00907207592455101	-4.7025541629234	0.00113616845211037	0.00942250212232056	0.000457576540429135
AMPL1350926834	A	T	28	27	170	T	T	35.7142857142857	40.7407407407407	42.3529411764706	3	2	3	0.347538187639655	0.345765995778494	0.345197577584017	51182749496	41810418385	26655850700	0.0108208047410757	-4.52628463299903	0.00158625826584298	0.00992511652164252	0.00113431471586297
AMPL1317650819	A	A	33	28	149	T	T	30.3030303030303	35.7142857142857	28.8590604026846	2	2	6	0.349446049691145	0.347538187639655	0.349955154356696	51479976430	24691468094	60040402908	0.00541486789317695	-5.21860679528533	0.000951856011044566	0.00506736645077616	0.00049087778398056
AMPL467096662	A	G	28	26	171	G	T	35.7142857142857	42.3076923076923	38.0116959064327	3	1	3	0.347538187639655	0.345213531109226	0.346728183049374	59677901610	42784283861	55810803549	0.00728321995282691	-4.9221822133474	0.00114280005671118	0.00674043407806957	0.000801991357865918
AMPL1489275007	A	T	23	29	157	T	A	43.4782608695652	37.9310344827586	27.3885350318471	2	3	4	0.344800820348388	0.346756622082011	0.350473621761679	49175549269	30830412942	24793117995	0.00596685166268908	-5.12153585036422	0.000968013602655536	0.00579174270008384	0.000545600649690601
AMPL1489330457	T	T	26	28	151	T	T	38.4615384615385	35.7142857142857	43.046357615894	3	1	3	0.346569580751976	0.347538187639655	0.344953097734128	39408438437	8444740357	55272616220	0.00617156921823844	-5.08780214305473	0.000949209595619815	0.00591949395560452	0.000650542407597757
AMPL1524050819	A	T	24	32	73	A	G	45.8333333333333	34.375	34.2465753424658	1	2	4	0.343970485603371	0.348010383497399	0.348055662552251	4250257190	31620305391	62929952416	0.00976516033052669	-4.62893429589154	0.00331921423625652	0.0117402878624781	0.0020934948987882
AMPL468021362	C	A	26	24	138	A	A	38.4615384615385	41.6666666666667	30.4347826086957	3	1	5	0.346569580751976	0.345439539383017	0.349399597397717	36094034689	7721097548	5320768107	0.00858343961675186	-4.75792055808297	0.000974969665004782	0.00814618236844463	0.000626175354188855
AMPL468048766	A	T	22	28	84	A	A	50	35.7142857142857	39.2857142857143	2	2	2	0.342501431823724	0.347538187639655	0.346278998685672	13452131564	46627640815	34168944853	0.0124320630829891	-4.38747641112671	0.00272364640088446	0.013894235478459	0.00116962668207387
AMPL1350926836	A	T	28	26	146	A	T	35.7142857142857	38.4615384615385	44.5205479452055	2	2	4	0.347538187639655	0.346569580751976	0.344433338164081	4167053243	27776226877	33827256775	0.0100567696624089	-4.59950927299288	0.00148782612108076	0.0104649041997069	0.000834183011934639
AMPL612960517	G	T	27	28	161	A	A	40.7407407407407	39.2857142857143	33.5403726708075	2	2	4	0.345765995778494	0.346278998685673	0.34830465048121	58270528128	55225412216	1922371449	0.00507570417722834	-5.28329000954609	0.000834651852972998	0.00474059050478928	0.000433590058676805
AMPL469390256	T	T	24	26	175	T	T	45.8333333333333	34.6153846153846	34.2857142857143	2	3	5	0.343970485603371	0.347925630394727	0.348041863221248	39626840473	53227474678	51913499858	0.00531067866452919	-5.23803564313257	0.00119421765051711	0.00527607792372436	0.000663186395941418
AMPL469294494	T	A	27	29	164	G	A	37.037037037037	34.4827586206897	21.9512195121951	2	2	5	0.347071821360403	0.347972390727236	0.352390671901345	58936064483	35443704240	26366604731	0.000762719904635069	-7.17861969154045	0.000476315781884366	0.000682316573454458	0.000182089133502083
AMPL476533235	G	A	25	23	174	G	A	44	43.4782608695652	39.0804597701149	2	3	3	0.344616869266415	0.344800820348388	0.346351365866936	3878111340	18766961680	13295309735	0.00697593240106163	-4.9652892826372	0.000906754484096449	0.00582260023264058	0.000625155775914183
AMPL1350926835	T	A	28	23	173	T	T	35.7142857142857	47.8260869565217	39.8843930635838	2	2	4	0.347538187639655	0.343267894665279	0.346067920768531	43359146351	48501833706	40562315480	0.00732510911228725	-4.91644722831456	0.00195815811203621	0.00617408266855979	0.00161694756075278
AMPL469937071	T	G	21	28	166	T	A	52.3809523809524	39.2857142857143	48.7951807228916	2	2	4	0.341661972521069	0.346278998685673	0.342926218458802	33811140155	39949091375	38819952626	0.00853136164052981	-4.7640063006131	0.00120609587376523	0.00822563723760754	0.00075626405881601
AMPL647810578	T	A	32	23	100	A	A	34.375	34.7826086956522	32	1	4	3	0.348010383497399	0.347866671714608	0.348847744151797	15840884277	3770231712	43982020225	0.0115299483255419	-4.46280742645086	0.00160893366310949	0.0114762532126589	0.000769656528490368
AMPL497774927	G	A	28	29	166	A	C	42.8571428571429	34.4827586206897	39.7590361445783	2	2	3	0.34501980973169	0.347972390727236	0.346112118221892	44951432057	33126979191	30143349344	0.0101803107124933	-4.58729974646962	0.00138416731603165	0.00935782780754193	0.000831660492491569
AMPL492300506	A	G	28	26	135	T	T	39.2857142857143	46.1538461538462	40	3	2	3	0.346278998685673	0.343857481466475	0.346027160894876	51217293279	1954321263	46163635617	0.0115639002345764	-4.459867082107	0.00232284949140818	0.0131173443819496	0.00155930880733204
AMPL1486309394	T	A	27	33	90	C	G	37.037037037037	27.2727272727273	41.1111111111111	2	3	3	0.347071821360403	0.350514452439978	0.345635413220303	46246331455	5070607202	37667283872	0.013490492820877	-4.30577007711864	0.00454847648861281	0.0157947219755516	0.00324180306570561
AMPL712468205	C	G	20	20	172	G	T	60	60	68.6046511627907	2	1	4	0.338975702752572	0.338975702752572	0.335941935877395	40650165325	39649492510	40793308188	0.00576852125674298	-5.15533951263484	0.00151514201853147	0.00531640041372673	0.00113384963375878
AMPL807033687	T	A	17	20	179	G	G	64.7058823529412	55	67.0391061452514	1	1	3	0.337316536130854	0.340738567288148	0.336493904635448	15139844566	19705629917	34234672203	0.00701938209513597	-4.95908008545436	0.00138457586405591	0.00545530326047589	0.00113718990770501
AMPL807051270	C	A	20	21	180	G	C	55	52.3809523809524	65	1	2	2	0.340738567288148	0.341661972521069	0.337212838216996	19012847660	34799891797	31969477345	0.010068122195352	-4.59838106477914	0.00195873308572962	0.00864257187429552	0.00144607018570459
AMPL623733836	A	A	21	21	147	C	G	57.1428571428571	52.3809523809524	61.9047619047619	2	2	4	0.339983053915759	0.341661972521069	0.338304135310448	31409042934	27130871678	62220970336	0.0091285537462028	-4.69634800369152	0.00183619197969219	0.00779300624721239	0.00141610944516022
AMPL868171912	T	A	23	24	87	C	C	47.8260869565217	41.6666666666667	49.4252873563218	1	2	3	0.343267894665279	0.345439539383017	0.342704059931261	59715965213	51285821935	49179729133	0.0130763446567461	-4.33695043250286	0.00274902301137	0.0152134431569882	0.00128828712841344
AMPL556199792	C	G	27	20	172	T	A	44.4444444444444	55	56.9767441860465	3	2	3	0.344460170196586	0.340738567288148	0.34004162084385	55903808327	27219936958	9066354260	0.0099061174404337	-4.61460278940144	0.00151337207988989	0.00920527508099353	0.000915527647244553
AMPL556343103	T	T	21	26	171	T	G	52.3809523809524	42.3076923076923	53.2163742690058	2	2	4	0.341661972521069	0.345213531109226	0.34136742539733	45459295289	22957004292	53721559416	0.00978589044318031	-4.62681368143842	0.00176233173849745	0.00984675226145613	0.00097112729236468
AMPL623737664	T	C	21	22	101	G	T	52.3809523809524	50	50.4950495049505	2	2	3	0.341661972521069	0.342501431823724	0.342326890780598	5460061742	20682846838	16203471586	0.00984033354334988	-4.62126567181056	0.0022899408548282	0.00999551038584292	0.00155394042593593
AMPL623762017	G	T	21	27	161	T	G	52.3809523809524	40.7407407407407	57.7639751552795	3	2	3	0.341661972521069	0.345765995778494	0.339764064532457	8678840008	47646841975	27560935815	0.00968744791751652	-4.63692426057348	0.00181531184028024	0.00820251776453598	0.00126717136350369
AMPL623750282	T	C	23	21	136	C	G	52.1739130434783	57.1428571428571	63.9705882352941	3	2	3	0.341734968982169	0.339983053915759	0.337575780915497	10459039183	18798748149	62554698834	0.00471116974930053	-5.35781904737241	0.00280438635218631	0.0127207477324663	0.00335027082995451
AMPL1371818357	A	G	21	27	176	G	G	47.6190476190476	44.4444444444444	51.1363636363636	2	3	4	0.343340891126379	0.344460170196586	0.342100780792911	42747448827	52338357720	34717357989	0.00945753611598676	-4.66094338269761	0.00194734471695682	0.00813296607154753	0.00156937207896339
