Target	Start_Dangling_End	Stop_Dangling_End	Fwd_Primer_Len	Rev_Primer_Len	Amplicon_Len	Fwd_END_3	Rev_END_3	Fwd_Primer_GC_content	Rev_Primer_GC_content	Amplicon_GC_content	Fwd_Primer_MaxPolyX	Rev_Primer_MaxPolyX	Amplicon_MaxPolyX	Fwd_Primer_Entropy	Rev_Primer_Entropy	Amplicon_Entropy	Fwd_Primer_Hash	Rev_Primer_Hash	Amplicon_Hash	res	logres	sd	mean	MeansSD	Tm_fwd	dG0_fwd	dH_fwd	dS_fwd	dG_fwd	Tm_rev	dG0_rev	dH_rev	dS_rev	dG_rev	dG	Tm
AMPL811140534	G	T	28	28	165	T	A	42.8571428571429	35.7142857142857	24.2424242424242	2	2	4	0.34501980973169	0.347538187639655	0.351582855188812	61991448825	47011025710	20963054896	0.00452115264440819	-5.39898830782266	0.00183059949222381	0.00445504741618094	0.000926752575997066	64.64	-28.09	-216.7	-0.60813	-14.19271	64.29	-27.71	-214.6	-0.60257	-13.94419	-14.19271	64.29
AMPL811141827	A	T	29	28	69	A	G	34.4827586206897	39.2857142857143	36.231884057971	2	3	3	0.347972390727236	0.346278998685673	0.347355696486904	34992066916	62273651822	59225878288	0.0178634607479496	-4.0249979514231	0.00677983269854974	0.00302943329247738	0.00729272731211873	63.94	-27.85	-218.9	-0.61599	-13.77533	64.57	-27.66	-212	-0.59435	-14.08145	-14.08145	63.94
AMPL811148683	C	G	26	29	77	T	T	42.3076923076923	37.9310344827586	16.8831168831169	3	3	4	0.345213531109226	0.346756622082011	0.354177547578838	10047038509	32526912569	36335505306	0.000101172779600652	-9.19868081356966	0.00036494098510987	0.000131260815743647	0.000151967032138325	63	-25.76	-199.1	-0.5589	-12.9863	63.94	-28.34	-225	-0.63408	-13.85136	-13.85136	63
AMPL811148743	T	T	31	28	122	A	C	32.258064516129	35.7142857142857	23.7704918032787	3	3	3	0.348756757595123	0.347538187639655	0.351749245780844	37534324055	38843843283	41219344724	0.000916362631488377	-6.99509838572795	0.00065783994661859	0.000897534071461818	0.000213575916906447	64.1	-29.51	-238.3	-0.6732	-14.1244	64.3	-27.7	-214.3	-0.60165	-13.95055	-14.1244	64.1
AMPL1497161003	A	T	33	28	115	A	T	30.3030303030303	35.7142857142857	31.304347826087	2	2	3	0.349446049691145	0.347538187639655	0.349093012261095	769310523	17062437501	50273459843	0.0073923297953659	-4.90731233046402	0.0013792121863376	0.00788039579724599	0.000432735810871502	63.86	-30.27	-249.8	-0.70782	-14.09594	64.04	-27.62	-215.3	-0.60513	-13.79171	-14.09594	63.86
AMPL811143696	A	T	27	28	159	T	A	37.037037037037	39.2857142857143	30.8176100628931	3	2	3	0.347071821360403	0.346278998685673	0.349264622809267	36448875522	41347796240	39024737888	0.00604984830219059	-5.10772208127183	0.00105717932607475	0.00585461708635991	0.000365846747395115	63.67	-26.72	-206.6	-0.57999	-13.46333	64.28	-27.6	-213.3	-0.59874	-13.91958	-13.91958	63.67
AMPL811145968	T	A	27	28	130	A	C	37.037037037037	39.2857142857143	30.7692307692308	3	1	4	0.347071821360403	0.346278998685673	0.349281680037478	17889013059	24210944369	49481300080	0.00835476571759832	-4.78492315830959	0.00440940454033345	0.00896355514158536	0.00117755079177712	64.35	-26.84	-203.4	-0.56927	-13.83309	64.1	-27.52	-213.6	-0.59996	-13.81332	-13.83309	64.1
AMPL659794021	A	A	28	28	140	A	A	35.7142857142857	35.7142857142857	40.7142857142857	4	4	4	0.347538187639655	0.347538187639655	0.345775323104079	42948665367	39416180540	37035405025	0.00830765821821336	-4.79057751269108	0.00179528130864812	0.00824794270121669	0.0011570247789093	63.94	-27.78	-218	-0.61332	-13.76444	64.33	-27.68	-213.9	-0.60042	-13.96014	-13.96014	63.94
AMPL556424352	G	T	26	20	176	G	A	46.1538461538462	50	46.5909090909091	2	2	3	0.343857481466475	0.342501431823724	0.343703384916162	44913077705	8566151685	34139444785	0.00774555476223556	-4.86063617924266	0.00150212782171014	0.00758911973924434	0.000967013843112188	64.4	-26.82	-202.8	-0.56741	-13.85247	63.8	-22.35	-150.7	-0.41385	-12.88795	-13.85247	63.8
AMPL663072267	A	T	22	23	108	T	C	50	47.8260869565217	55.5555555555556	2	2	4	0.342501431823724	0.343267894665279	0.340542693450862	20710308680	33335803072	49596249068	0.0123476804247432	-4.39428705340736	0.00556558502113444	0.0118758891034649	0.000581311301791698	63.89	-23.7	-167.2	-0.46269	-13.12423	64.04	-24.51	-176.5	-0.49006	-13.31002	-13.31002	63.89
AMPL663100272	T	T	20	28	175	A	T	55	39.2857142857143	47.4285714285714	1	2	4	0.340738567288148	0.346278998685673	0.343408047870592	44476332689	60992331228	33125551706	0.00341745643919253	-5.67885873584315	0.00439939521825892	0.0051174994128239	0.00110300413320038	63.7	-22.55	-153.8	-0.42319	-12.87773	63.88	-27.33	-212.8	-0.598	-13.666	-13.666	63.7
AMPL1425598476	T	A	23	25	170	A	A	52.1739130434783	44	37.6470588235294	3	1	3	0.341734968982169	0.344616869266415	0.346856744205735	38779249804	8204669503	14647324670	0.00795453264196064	-4.83401336914318	0.00319426439633122	0.00795961930008321	0.000639692806308739	65.25	-24.83	-173.4	-0.47902	-13.88634	65.01	-25.88	-187.4	-0.52078	-13.98026	-13.98026	65.01
AMPL658783041	A	A	26	26	137	A	A	38.4615384615385	42.3076923076923	45.2554744525547	3	1	2	0.346569580751976	0.345213531109226	0.344174222988869	52849938158	53982177464	60217088563	0.013060573873713	-4.33815721477359	0.00189807349800983	0.012599102107021	0.000775553078090394	64.24	-26.26	-196.9	-0.55019	-13.68673	64.64	-26.59	-198.4	-0.55396	-13.93132	-13.93132	64.24
AMPL659377496	A	A	26	25	153	G	G	42.3076923076923	44	49.6732026143791	2	1	4	0.345213531109226	0.344616869266415	0.34261665172801	50310599978	28214602841	38036358013	0.00773521832213458	-4.86197157012795	0.00174559604159032	0.0075740195118329	0.00108462853102567	64.01	-26.25	-198.4	-0.55506	-13.56502	64.15	-25.77	-191.4	-0.53404	-13.56468	-13.56502	64.01
AMPL556370172	A	T	21	25	179	C	G	52.3809523809524	44	48.0446927374302	2	2	5	0.341661972521069	0.344616869266415	0.343190820189592	1591282288	20441949296	31726753678	0.00462352511888855	-5.37659785208829	0.0044577076798337	0.00545581665683038	0.00130090178726486	64.67	-23.52	-160.7	-0.44231	-13.41077	63.65	-25.38	-189.9	-0.53044	-13.26348	-13.41077	63.65
AMPL556350401	G	A	20	24	179	A	G	55	41.6666666666667	55.3072625698324	1	2	4	0.340738567288148	0.345439539383017	0.340630234830654	17327948401	59471139141	47517275597	0.00654390445085901	-5.02922128081839	0.00196486444249441	0.00715742055656897	0.000507962593958509	64.08	-23.03	-157.8	-0.43453	-13.10151	64.15	-25.14	-183.7	-0.51123	-13.46041	-13.46041	64.08
AMPL812248025	T	G	23	28	152	A	A	43.4782608695652	35.7142857142857	50	2	4	4	0.344800820348388	0.347538187639655	0.342501431823724	32953871683	24804107787	23264982719	0.012867421892264	-4.35305659661207	0.00269384731222261	0.0107402736732093	0.00214590173032622	64.27	-24.53	-175.4	-0.48643	-13.41881	63.28	-27.21	-215.7	-0.60775	-13.31925	-13.41881	63.28
AMPL658674329	A	C	25	24	137	G	G	40	45.8333333333333	44.5255474452555	3	3	4	0.346027160894876	0.343970485603371	0.344431575475814	2153941356	58420428574	60028405699	0.0143984034200337	-4.24063795215588	0.00286829321414049	0.0130724962807515	0.000921722859129141	64.17	-25.72	-190.8	-0.53225	-13.56075	63.55	-25.1	-186.9	-0.52169	-13.17723	-13.56075	63.55
AMPL658804790	G	A	20	25	180	T	G	55	40	47.7777777777778	2	3	4	0.340738567288148	0.346027160894876	0.343284927172869	58795698125	47185076131	45823713469	0.000849908562898496	-7.0703817873269	0.00100888654504468	0.00171910118286744	0.00126829576174391	64.36	-22.74	-152.8	-0.41933	-13.16311	63.44	-25.28	-190	-0.53109	-13.14703	-13.16311	63.44
AMPL661534109	T	C	25	26	106	G	A	40	42.3076923076923	54.7169811320755	1	2	5	0.346027160894876	0.345213531109226	0.34083835207318	36341088094	34335085508	24345673684	0.0115340477761593	-4.46245194159537	0.00247597427901076	0.0119665137571757	0.00116812675627406	64.19	-25.78	-191.3	-0.53368	-13.58456	63.57	-26.3	-202.1	-0.56681	-13.35227	-13.58456	63.57
AMPL661570029	G	C	21	22	114	G	C	57.1428571428571	54.5454545454545	49.1228070175439	1	2	2	0.339983053915759	0.340898827700473	0.34281070630365	16777173072	56247309655	31469519476	0.013806021642755	-4.28265043106808	0.00250347927916651	0.0138599794587569	0.00115205853021541	65.2	-24.14	-165.4	-0.45544	-13.73848	64.89	-24.45	-170.8	-0.47187	-13.66729	-13.73848	64.89
AMPL659599485	A	A	28	26	96	G	G	35.7142857142857	42.3076923076923	40.625	3	2	3	0.347538187639655	0.345213531109226	0.345806802827929	7666824701	15020652278	17129800538	0.0143387665641115	-4.24478846117033	0.00338135824678775	0.0137905572338728	0.00257202148808814	64.16	-27.59	-214.1	-0.60134	-13.85378	64.78	-26.86	-200.7	-0.56051	-14.05017	-14.05017	64.16
AMPL659619504	G	A	21	22	151	G	A	52.3809523809524	50	41.7218543046358	1	1	4	0.341661972521069	0.342501431823724	0.345420081717062	24985431803	40235212283	17844698275	0.0137193960858493	-4.28894467471955	0.00249617462967642	0.0128861859769468	0.00127235300017901	64.2	-23.69	-165.4	-0.45689	-13.25563	64.4	-24.37	-172.6	-0.47793	-13.44931	-13.44931	64.2
AMPL556186951	C	A	27	28	170	C	A	40.7407407407407	32.1428571428571	37.0588235294118	3	3	3	0.345765995778494	0.348797376593638	0.34706414003345	57812439544	29853352135	52080902326	0.00570353161885821	-5.16666971374765	0.00154296569556716	0.0073007782173356	0.00110169007610726	64.24	-27.57	-213.2	-0.59851	-13.89617	63.19	-26.86	-212	-0.59693	-13.22231	-13.89617	63.19
AMPL663779199	A	T	28	20	173	T	G	39.2857142857143	60	58.3815028901734	2	2	3	0.346278998685673	0.338975702752572	0.339546340983741	42586345186	57347493590	44832123587	0.00470856669890438	-5.35837172747694	0.00114269771180404	0.00510889703694133	0.000832862842349015	64.11	-27.67	-215.3	-0.60498	-13.84166	65.97	-23.4	-152.7	-0.41689	-13.87563	-13.87563	64.11
AMPL812518150	T	G	20	19	137	C	T	55	63.1578947368421	56.2043795620438	1	1	3	0.340738567288148	0.33786231462484	0.340313935684688	18237119553	6944946620	42953376784	0.0120280798411054	-4.42051137594096	0.00363330428263723	0.0118720132357616	0.000428634943659202	63.69	-22.46	-152.8	-0.42023	-12.86341	65.24	-22.94	-150.8	-0.41224	-13.52408	-13.52408	63.69
AMPL812522983	T	G	18	19	188	A	G	61.1111111111111	57.8947368421053	70.2127659574468	3	2	4	0.338583955078	0.339717961504394	0.335374958169268	62098312721	23106623134	18992277214	0.000594244397944223	-7.4282198788711	0.000719479873518953	0.00144076565430358	0.000828765966514754	64.33	-21.86	-142.1	-0.38767	-13.00589	64.24	-22.16	-146.2	-0.39994	-13.01998	-13.01998	64.24
AMPL811679394	A	T	20	28	156	G	G	55	39.2857142857143	47.4358974358974	3	3	5	0.340738567288148	0.346278998685673	0.343405464918891	15308382664	9243300030	57290031219	0.00376933862160867	-5.58085572484624	0.00124739619090006	0.00547284630849105	0.000950994872614031	64.22	-23.01	-156.8	-0.43137	-13.15379	64.72	-27.98	-214.8	-0.60235	-14.21745	-14.21745	64.22
AMPL1380948435	A	A	20	21	168	C	G	55	57.1428571428571	58.3333333333333	2	2	5	0.340738567288148	0.339983053915758	0.339563324264431	9322597998	37207251816	39062098745	0.00110488670030499	-6.80801248293	0.000373865892546213	0.00138629979945172	0.000158685157950595	64.42	-23.04	-156.1	-0.42903	-13.23301	65.05	-23.61	-159.8	-0.43911	-13.57637	-13.57637	64.42
AMPL1380948436	A	T	23	22	131	T	G	47.8260869565217	50	61.0687022900763	4	1	3	0.343267894665279	0.342501431823724	0.338598907279319	54918581231	12154557530	16726924863	0.00570475557209104	-5.16645514109234	0.0026782301504725	0.00575889494080496	0.00097605569509441	64.83	-24.95	-177.2	-0.4909	-13.7303	65.1	-24.42	-169.2	-0.46682	-13.74894	-13.74894	64.83
AMPL493118173	T	T	20	25	82	T	T	55	36	54.8780487804878	2	3	5	0.340738567288148	0.347437452523337	0.340781563984138	11494658552	52975122405	33987321148	0.0127616347264468	-4.36131189591341	0.00340821601114639	0.0121556009909531	0.00224620302381982	65.52	-23.66	-158	-0.43314	-13.76438	62.43	-24.56	-187.4	-0.52505	-12.55835	-13.76438	62.43
AMPL612960426	A	A	28	27	170	C	G	39.2857142857143	40.7407407407407	35.2941176470588	2	2	4	0.346278998685673	0.345765995778494	0.347686327516594	43693545729	17395175933	26716056790	0.0120014840778978	-4.42272496368288	0.00309217582516165	0.0132620554714815	0.00130410562317503	63.78	-27.26	-212.6	-0.59759	-13.60253	64.19	-27.01	-206.6	-0.57905	-13.77635	-13.77635	63.78
AMPL1316862546	T	T	28	28	112	A	A	32.1428571428571	39.2857142857143	41.0714285714286	3	2	3	0.348797376593638	0.346278998685673	0.345649404208681	23653694807	27240574986	5334101993	0.00724207202329552	-4.92784792246645	0.00156229361030438	0.00703574037858628	0.000359850460460356	62.58	-26.46	-211.3	-0.59598	-12.83866	64.08	-27.47	-213.1	-0.59853	-13.78951	-13.78951	62.58
AMPL655136916	A	T	27	31	68	T	G	37.037037037037	32.258064516129	39.7058823529412	3	2	4	0.347071821360403	0.348756757595123	0.346130858808733	10002820533	30637653746	56591216435	0.0145812517316769	-4.22801870343402	0.00563409069886924	0.00247321890040009	0.00595277109228033	63.99	-26.68	-203.8	-0.57109	-13.62703	64.16	-29.31	-235.4	-0.66448	-14.12816	-14.12816	63.99
AMPL478031510	A	A	25	23	170	G	T	40	47.8260869565217	35.8823529411765	2	2	4	0.346027160894876	0.343267894665279	0.34747893168888	10621815626	50314119631	20761652263	0.00527783673660335	-5.24423897419426	0.00143486595053828	0.00621349054956124	0.000588126223695095	63.81	-25.78	-193.8	-0.54175	-13.39725	65.27	-24.87	-173.7	-0.47988	-13.89996	-13.89996	63.81
AMPL468281303	G	A	27	27	171	A	A	40.7407407407407	40.7407407407407	31.5789473684211	4	2	5	0.345765995778494	0.345765995778494	0.348996195902162	2586432346	46643490305	55912955344	0.00463443035451095	-5.37424198837788	0.00440657604784648	0.00540023054764269	0.000679592097305508	64.19	-27.23	-209.3	-0.58704	-13.81568	63.9	-26.94	-207.7	-0.58283	-13.61761	-13.81568	63.9
AMPL612959905	T	T	28	26	171	T	T	35.7142857142857	42.3076923076923	30.4093567251462	1	2	5	0.347538187639655	0.345213531109226	0.349408561875396	11334536918	33286324864	61974603448	0.00502460429461318	-5.29340857547839	0.00243015888414685	0.00623490412591793	0.00280528880047037	64.02	-27.56	-214.7	-0.60338	-13.77446	64.58	-26.33	-195.6	-0.54577	-13.85859	-13.85859	64.02
AMPL469286737	T	A	26	24	122	G	A	38.4615384615385	45.8333333333333	36.8852459016393	2	2	4	0.346569580751976	0.343970485603371	0.347125338802284	21969116148	57500306604	57870386084	0.011793498094327	-4.44020690832708	0.00878813821202603	0.0123777016596606	0.00166378049895649	64.26	-26.32	-197.6	-0.55224	-13.70408	64.24	-25.66	-189.5	-0.52827	-13.58609	-13.70408	64.24
AMPL469324749	A	C	23	28	169	C	G	47.8260869565217	42.8571428571429	42.603550295858	2	1	4	0.343267894665279	0.34501980973169	0.345109219598245	19499717364	50805749750	11317955303	0.0062000485265231	-5.08319816010316	0.00219442937018324	0.00674306889967005	0.0011571758846307	64.04	-24.51	-176.5	-0.49006	-13.31002	64.56	-28.08	-217.2	-0.60977	-14.14659	-14.14659	64.04
AMPL844200061	T	A	28	29	166	A	A	35.7142857142857	37.9310344827586	21.0843373493976	1	2	4	0.347538187639655	0.346756622082011	0.352696311065609	22877364592	62509969613	6180819799	0.00017187067381166	-8.66876826041056	0.000252984625950793	0.000277153449716022	7.5605126921014e-05	62.32	-26.17	-209.5	-0.59111	-12.66037	64.16	-28.22	-221.9	-0.62446	-13.95482	-13.95482	62.32
AMPL468748906	A	A	28	26	95	T	A	39.2857142857143	38.4615384615385	31.5789473684211	3	2	3	0.346278998685673	0.346569580751976	0.348996195902162	49582477712	1624824791	45012081694	0.00614790989802373	-5.09164310890704	0.00207578350711118	0.00629217390868192	0.000960437959945731	64.55	-28.13	-217.8	-0.61156	-14.15052	64.18	-26.31	-198	-0.55357	-13.66119	-14.15052	64.18
AMPL467504527	A	A	28	21	172	C	A	35.7142857142857	52.3809523809524	41.2790697674419	3	3	4	0.347538187639655	0.341661972521069	0.345576195548566	43915285117	50447245812	4559438076	0.00880529495718949	-4.73240203876602	0.00168906234101287	0.00903148756045639	0.00052448064929553	63	-26.74	-211.8	-0.59667	-13.10889	64.03	-23.07	-158.5	-0.43667	-13.08889	-13.10889	63
AMPL467561353	C	T	20	27	168	C	A	55	40.7407407407407	42.2619047619048	2	3	4	0.340738567288148	0.345765995778494	0.345229674557353	1884711221	50221343332	58213600796	0.00345641997668506	-5.66752191439185	0.00134885260244802	0.0048878382614355	0.000821773292313086	63.74	-22.86	-157.5	-0.43411	-12.94137	64.35	-27.18	-207.6	-0.58172	-13.88724	-13.88724	63.74
AMPL468865894	T	A	31	28	141	A	A	32.258064516129	39.2857142857143	31.2056737588652	3	1	4	0.348756757595123	0.346278998685673	0.349127802063832	36512306886	29584624204	14969540171	0.00983496188076343	-4.62181170302423	0.00228858027851269	0.00998158233782353	0.00184383553948833	63.6	-29.07	-236.8	-0.66979	-13.75993	64.39	-27.74	-214.2	-0.6012	-14.0004	-14.0004	63.6
AMPL468874944	A	A	29	27	135	T	T	37.9310344827586	40.7407407407407	27.4074074074074	2	2	5	0.346756622082011	0.345765995778494	0.350466967873364	8076118111	42903802597	6656267359	0.00423895564180431	-5.46343835097299	0.00125858471539223	0.00449000500595275	0.000231044110727867	64.48	-28.55	-223.5	-0.62858	-14.18286	63.83	-26.69	-205.1	-0.57525	-13.54175	-14.18286	63.83
AMPL556296474	G	T	29	25	73	G	A	37.9310344827586	44	42.4657534246575	2	2	4	0.346756622082011	0.344616869266415	0.345157803041715	59701010154	29595182991	22646715786	0.0175654121185805	-4.04182353105279	0.00678019264412359	0.017924619119336	0.00351533289477374	64.08	-28.37	-224.3	-0.63173	-13.93391	64.62	-26.02	-191.6	-0.53386	-13.82462	-13.93391	64.08
AMPL468172695	T	A	27	24	114	A	G	37.037037037037	45.8333333333333	48.2456140350877	4	1	3	0.347071821360403	0.343970485603371	0.343119980783575	8493141213	18360484184	53863681542	0.0188302917918825	-3.97228844031617	0.00469046090626768	0.0165431686168861	0.00328035026352047	64.33	-26.93	-204.7	-0.57316	-13.83772	65.13	-25.53	-182.4	-0.5058	-13.9686	-13.9686	64.33
AMPL468184487	A	G	22	28	97	A	A	50	35.7142857142857	29.8969072164948	2	4	3	0.342501431823724	0.347538187639655	0.349589237688411	23586585705	36772077816	14837487326	0.00800753145629936	-4.82737274813409	0.00408504746061567	0.00750694300342182	0.000817158375074211	65.47	-24.63	-169.8	-0.46806	-13.93602	63.8	-28.05	-222.4	-0.62664	-13.72888	-13.93602	63.8
AMPL467212996	T	G	33	23	124	A	A	30.3030303030303	52.1739130434783	27.4193548387097	2	2	4	0.349446049691145	0.341734968982169	0.350462755532777	15339016373	14674854855	62362774386	0.00259794443600848	-5.95303474818011	0.00134942811349514	0.00227507105425742	0.000370924415172541	63.1	-29.74	-249.7	-0.70921	-13.53307	64.94	-25.05	-177.8	-0.49249	-13.80083	-13.80083	63.1
AMPL467213023	A	T	28	28	121	A	G	39.2857142857143	42.8571428571429	33.0578512396694	1	1	5	0.346278998685673	0.34501980973169	0.348474774464932	16598908919	57195165481	26654717378	0.00636412726367641	-5.05707817127153	0.00196102275781492	0.00615196011118798	0.000529742968947649	64.39	-27.74	-214.2	-0.6012	-14.0004	64.82	-27.79	-211.8	-0.59329	-14.23443	-14.23443	64.39
AMPL467632467	T	A	26	27	172	T	A	38.4615384615385	40.7407407407407	31.3953488372093	3	2	6	0.346569580751976	0.345765995778494	0.349060927770053	43610821717	50640544432	35898605022	0.00177074362698325	-6.33635569238643	0.00076056130032346	0.00261463188337144	0.000638720611156997	64.41	-26.73	-201.6	-0.56382	-13.84794	64.08	-26.95	-206.6	-0.57925	-13.70975	-13.84794	64.08
AMPL467649362	T	A	23	26	92	C	A	47.8260869565217	38.4615384615385	42.3913043478261	1	3	2	0.343267894665279	0.346569580751976	0.345184051769166	40904198237	54659192988	38180194138	0	-10	0	0	0	64.09	-24.63	-177.6	-0.49323	-13.35441	64.24	-26.34	-198	-0.55347	-13.69449	-13.69449	64.09
AMPL467656796	G	A	20	26	110	C	C	60	42.3076923076923	33.6363636363636	1	2	8	0.338975702752572	0.345213531109226	0.348270806667427	29057099129	3982628178	25647886901	0.00482677169428775	-5.33357742106317	0.000959037201383265	0.00487002835961653	0.000407207074375139	65.16	-23.3	-155.5	-0.42625	-13.55875	64.1	-26.25	-197.7	-0.55281	-13.61427	-13.61427	64.1
AMPL469146556	T	A	26	29	121	G	G	42.3076923076923	34.4827586206897	39.6694214876033	1	3	3	0.345213531109226	0.347972390727236	0.346143713922021	15467908976	35396199029	27493553930	0.00943692733686855	-4.66312484578518	0.00148381169806586	0.00950573712579552	0.000579267527992052	64.52	-26.53	-198.5	-0.55446	-13.86482	64.44	-28.25	-220.2	-0.61888	-14.11296	-14.11296	64.44
AMPL712350278	G	T	27	28	148	T	A	40.7407407407407	35.7142857142857	34.4594594594595	3	2	3	0.345765995778494	0.347538187639655	0.347980605380244	35520745873	20179230992	12202710187	0.00773092943907018	-4.86252618569746	0.00268947823778856	0.0083408536076262	0.00205700457282134	64.58	-27.22	-206.5	-0.57804	-14.01268	63.54	-27.05	-211.7	-0.59537	-13.44179	-14.01268	63.54
AMPL467692120	A	T	26	22	157	A	T	38.4615384615385	45.4545454545455	35.6687898089172	2	2	4	0.346569580751976	0.344104035946975	0.347554228263273	10466829238	38019268036	29097928986	0.00842051559211318	-4.77708421838492	0.00145933100373744	0.00865262695883213	0.000473208236765849	64.37	-26.38	-197.6	-0.55204	-13.77068	63.46	-23.82	-171.3	-0.4755	-12.9585	-13.77068	63.46
AMPL468091028	A	A	28	25	166	A	A	42.8571428571429	44	25.9036144578313	2	2	4	0.34501980973169	0.344616869266415	0.350997164525295	17552341491	61961515848	58558444201	0.00553719221478573	-5.19626772713562	0.00163936650220181	0.00619436979264067	0.000444129540980442	64.78	-27.82	-212.4	-0.59514	-14.21838	63.45	-25.3	-190.2	-0.53166	-13.15722	-14.21838	63.45
AMPL474961767	T	C	27	29	169	T	A	33.3333333333333	37.9310344827586	19.5266272189349	2	3	4	0.348377646942311	0.346756622082011	0.353245517454749	48437433489	37190122936	40263016423	0.000153997940040765	-8.77857133199878	0.000341285574475831	0.000258256754884059	0.000124671337146246	62.51	-25.88	-204.2	-0.57496	-12.73832	64.37	-28.41	-222.6	-0.62611	-14.10537	-14.10537	62.51
AMPL648144397	A	T	33	26	105	T	T	27.2727272727273	38.4615384615385	31.4285714285714	4	3	4	0.350514452439978	0.346569580751976	0.349049214384435	16131546908	5660389849	47103931690	0.00846791431643363	-4.77147104427351	0.00152585331402038	0.00810435986900865	0.000660585075577157	62.54	-29.43	-250.7	-0.71343	-13.12781	64.07	-26.24	-197.8	-0.55316	-13.59772	-13.59772	62.54
AMPL468866489	T	T	27	24	171	T	T	37.037037037037	45.8333333333333	38.5964912280702	4	3	6	0.347071821360403	0.343970485603371	0.346522000062757	18296175311	58367772968	13824611099	0.00718393772046113	-4.93590761722066	0.00445127595762254	0.00744612808028593	0.00106240679733984	63.96	-26.63	-203.4	-0.56997	-13.59999	64.17	-25.08	-182.8	-0.50852	-13.46284	-13.59999	63.96
AMPL468922661	A	A	24	22	164	T	A	45.8333333333333	50	37.1951219512195	2	2	5	0.343970485603371	0.342501431823724	0.347016084902638	25031715025	52303684385	29676638386	0.00378713593081722	-5.57614523664349	0.00107087386551005	0.00497432185837277	0.000636051212730545	64.57	-25.4	-184.3	-0.51232	-13.69744	64.61	-23.89	-165.6	-0.45689	-13.45563	-13.69744	64.57
AMPL1350926838	T	C	23	25	107	A	A	47.8260869565217	44	57.9439252336449	2	1	3	0.343267894665279	0.344616869266415	0.339700619010192	44900388165	47173533887	48860286999	0.00925022300367127	-4.68310761924341	0.00305799412090475	0.0095067816912557	0.000619855572199496	63.45	-24.07	-174.5	-0.48503	-12.98501	64.31	-25.95	-192.7	-0.53763	-13.66921	-13.66921	63.45
AMPL1350926839	A	C	22	21	179	A	C	50	52.3809523809524	40.2234636871508	1	4	3	0.342501431823724	0.341661972521069	0.345948373653062	47389883185	39615692158	33209231676	0.00660653533427878	-5.01969591771308	0.00121719676906923	0.00679144597524103	0.000329969767377465	63.53	-23.64	-168.6	-0.46738	-12.96246	63.46	-23.25	-164	-0.45381	-12.88127	-12.96246	63.46
AMPL647470059	A	A	23	28	142	A	A	39.1304347826087	35.7142857142857	35.2112676056338	3	4	5	0.346333746031498	0.347538187639655	0.347715538196554	47758610835	10031570200	9982918836	0.00353413509464648	-5.64528667869403	0.00127630306063427	0.00420929539078268	0.000653853639890046	62.71	-23.68	-174	-0.48467	-12.60489	63.92	-27.56	-215.4	-0.60563	-13.72521	-13.72521	62.71
AMPL469147322	A	A	28	33	100	A	T	39.2857142857143	27.2727272727273	31	1	3	4	0.346278998685673	0.350514452439979	0.349200317058913	2465294456	38470274092	1468432079	0.0103338754915996	-4.57232789761245	0.00302029979990964	0.0104588161459517	0.00206961102323462	64.72	-27.91	-213.9	-0.59968	-14.20656	62.05	-28.76	-246.3	-0.70139	-12.73713	-14.20656	62.05
AMPL468425396	A	T	21	27	177	T	G	52.3809523809524	37.037037037037	36.1581920903955	2	2	7	0.341661972521069	0.347071821360403	0.347381678278143	16316058445	37536935091	12825376478	0.00324705812188196	-5.7300058858424	0.00141490940049894	0.00502651847049667	0.00096618175635989	64.08	-23.12	-158.9	-0.4378	-13.1126	63.72	-26.75	-206.6	-0.57989	-13.49663	-13.49663	63.72
AMPL1314131500	T	T	26	20	119	A	A	38.4615384615385	55	36.9747899159664	2	2	3	0.346569580751976	0.340738567288148	0.347093768008838	39556270165	15323707038	29712205218	0.0100592839115162	-4.59925929860192	0.00417815255382342	0.0104011194166989	0.000918359024779773	64.54	-26.56	-198.6	-0.55471	-13.88157	63.85	-22.86	-156.9	-0.43218	-12.98406	-13.88157	63.85
AMPL1350926834	A	C	28	27	170	T	T	35.7142857142857	40.7407407407407	42.3529411764706	3	2	3	0.347538187639655	0.345765995778494	0.345197577584017	51182749496	41810418385	26655850700	0.0123813410161919	-4.39156469641333	0.00207354560522412	0.0108040595775452	0.00119332598684578	64.31	-27.84	-216	-0.60668	-13.97556	64.77	-27.44	-207.8	-0.58153	-14.15051	-14.15051	64.31
AMPL1325115211	C	A	27	29	111	A	T	40.7407407407407	37.9310344827586	25.2252252252252	2	3	5	0.345765995778494	0.346756622082011	0.351236346189191	11357309579	51223646884	7084185012	0.00145747525812715	-6.5310496154397	0.000798585302011284	0.0013131606409148	0.000230934340473467	64.53	-27.41	-209.2	-0.58613	-14.01871	64.8	-28.65	-222.3	-0.62439	-14.37813	-14.37813	64.53
AMPL1317650819	A	T	33	28	149	T	T	30.3030303030303	35.7142857142857	28.8590604026846	2	2	6	0.349446049691145	0.347538187639655	0.349955154356696	51479976430	24691468094	60040402908	0.00490036442322169	-5.31844570454496	0.00122514646456358	0.00507272141121795	0.000503582975309855	62.89	-29.33	-246.3	-0.69955	-13.34985	64.24	-27.45	-211.7	-0.59407	-13.87469	-13.87469	62.89
AMPL467096662	A	G	28	26	171	G	T	35.7142857142857	42.3076923076923	38.0116959064327	3	1	3	0.347538187639655	0.345213531109226	0.346728183049374	59677901610	42784283861	55810803549	0.00790596428188057	-4.84013783196751	0.00126049218920481	0.00741156259232192	0.000415211426755915	64.36	-28.03	-218	-0.61252	-14.03084	64.23	-26.77	-203.3	-0.56919	-13.75973	-14.03084	64.23
AMPL1489275007	A	T	23	29	157	T	A	43.4782608695652	37.9310344827586	27.3885350318471	2	3	4	0.344800820348388	0.346756622082011	0.350473621761679	49175549269	30830412942	24793117995	0.00557924129702172	-5.18870248010912	0.00387380376203534	0.00625874631139289	0.00100271772440295	63.7	-24.49	-178.3	-0.49592	-13.15864	64.19	-28.27	-222.3	-0.62559	-13.97853	-13.97853	63.7
AMPL1489330457	T	T	26	28	151	T	T	38.4615384615385	35.7142857142857	43.046357615894	3	1	3	0.346569580751976	0.347538187639655	0.344953097734128	39408438437	8444740357	55272616220	0.00705891943233258	-4.95346329410148	0.00187485213284571	0.00677945701857253	0.000336732248929836	63.91	-26.06	-196.7	-0.55018	-13.49006	64.38	-27.71	-213.9	-0.60032	-13.99344	-13.99344	63.91
AMPL1524050819	T	A	24	32	73	A	G	45.8333333333333	34.375	34.2465753424658	1	2	4	0.343970485603371	0.348010383497399	0.348055662552251	4250257190	31620305391	62929952416	0.0118342262935592	-4.43675941258841	0.00327221099881072	0.011918676487327	0.00164941481232696	64.28	-25.31	-185	-0.51487	-13.54829	64.3	-30.25	-245.8	-0.695	-14.365	-14.365	64.28
AMPL1316863746	A	A	28	26	151	C	A	35.7142857142857	42.3076923076923	39.0728476821192	2	1	3	0.347538187639655	0.345213531109226	0.34635404968293	360328806	21133582737	46743389332	0.00398685303923908	-5.52475307124745	0.000845690664021887	0.00455175192444007	0.000366205241751705	63.42	-26.84	-210	-0.59054	-13.35018	63.83	-26.16	-198.4	-0.55536	-13.46512	-13.46512	63.42
AMPL468021362	C	A	26	24	138	A	A	38.4615384615385	41.6666666666667	30.4347826086957	3	1	5	0.346569580751976	0.345439539383017	0.349399597397717	36094034689	7721097548	5320768107	0.00869887912753934	-4.74456109753668	0.0013839658711122	0.00859032774830193	0.000563850749902886	63.97	-26.48	-201.5	-0.56432	-13.58144	63.36	-24.89	-185.6	-0.51816	-13.05272	-13.58144	63.36
AMPL468048766	A	T	22	28	84	A	A	50	35.7142857142857	39.2857142857143	2	2	2	0.342501431823724	0.347538187639655	0.346278998685672	13452131564	46627640815	34168944853	0.0147128134872573	-4.21903649907764	0.00342876596625133	0.0143699444209244	0.00136391813351386	63.73	-24.07	-172.8	-0.47955	-13.10985	64.24	-27.82	-216.3	-0.6077	-13.9359	-13.9359	63.73
AMPL1350926836	A	T	28	26	146	A	T	35.7142857142857	38.4615384615385	44.5205479452055	2	2	4	0.347538187639655	0.346569580751976	0.344433338164081	4167053243	27776226877	33827256775	0.0125306607212646	-4.37957678031798	0.0021135631989638	0.0109891853999	0.00137806417797629	64.07	-27.51	-213.7	-0.60031	-13.79677	63.97	-26.63	-203.4	-0.56995	-13.60665	-13.79677	63.97
AMPL612960517	G	T	27	28	161	A	A	40.7407407407407	39.2857142857143	33.5403726708075	2	2	4	0.345765995778494	0.346278998685673	0.34830465048121	58270528128	55225412216	1922371449	0.00517645733175684	-5.26363436947404	0.00102029771629258	0.00516588296796561	0.000296822317849409	63.72	-27.02	-210.1	-0.59029	-13.53343	64.1	-27.45	-212.7	-0.5973	-13.7991	-13.7991	63.72
AMPL469322657	A	T	25	26	129	T	A	44	38.4615384615385	43.4108527131783	1	2	5	0.344616869266415	0.346569580751976	0.344824586638049	29990682972	61386197863	39173103929	0.0132188748103192	-4.32610956086476	0.00229257233504632	0.0120960437278274	0.00123821202867752	64.79	-25.9	-189	-0.52588	-13.88196	63.74	-26.28	-200.6	-0.56205	-13.43735	-13.88196	63.74
AMPL469390256	T	T	24	26	175	T	T	45.8333333333333	34.6153846153846	34.2857142857143	2	3	5	0.343970485603371	0.347925630394727	0.348041863221248	39626840473	53227474678	51913499858	0.00591675083106288	-5.12996782686162	0.00132601656277612	0.00577960370689869	0.000540812233899501	64.24	-25.34	-185.6	-0.51671	-13.53557	62.4	-25.32	-197.7	-0.55579	-12.62193	-13.53557	62.4
AMPL469294494	T	A	27	29	164	G	A	37.037037037037	34.4827586206897	21.9512195121951	2	2	5	0.347071821360403	0.347972390727236	0.352390671901345	58936064483	35443704240	26366604731	0.000180376936372536	-8.62046180566778	0.000461955047436971	0.000553255995697586	0.000237099206006258	63.97	-26.69	-204.2	-0.57232	-13.61744	64.29	-28.22	-220.9	-0.62123	-14.03041	-14.03041	63.97
AMPL476533235	G	A	25	23	174	G	A	44	43.4782608695652	39.0804597701149	2	3	3	0.344616869266415	0.344800820348388	0.346351365866936	3878111340	18766961680	13295309735	0.00606769837521239	-5.10477592617818	0.00116349023481862	0.00614353786586059	0.000693843485484417	64.36	-25.76	-190	-0.52955	-13.65985	63.83	-24.31	-175.2	-0.48651	-13.19217	-13.65985	63.83
AMPL1350926835	T	A	28	23	173	T	T	35.7142857142857	47.8260869565217	39.8843930635838	2	2	4	0.347538187639655	0.343267894665279	0.346067920768531	43359146351	48501833706	40562315480	0.00107587307611424	-6.83462278320189	0.00299375485065414	0.00567000200978582	0.00290407399571946	63.93	-27.41	-213.4	-0.59969	-13.70323	64.85	-24.93	-176.8	-0.48968	-13.73656	-13.73656	63.93
AMPL469937071	T	G	21	28	166	T	A	52.3809523809524	39.2857142857143	48.7951807228916	2	2	4	0.341661972521069	0.346278998685673	0.342926218458802	33811140155	39949091375	38819952626	0.00707416733813239	-4.95130553310227	0.00138907554539738	0.00782946229582002	0.000746707692595795	64.17	-23.3	-160.7	-0.44301	-13.17767	64.32	-27.79	-215.3	-0.60458	-13.97486	-13.97486	64.17
AMPL647810578	T	A	32	23	100	A	A	34.375	34.7826086956522	32	1	4	3	0.348010383497399	0.347866671714608	0.348847744151797	15840884277	3770231712	43982020225	0.0137710521521237	-4.28518656014653	0.00189426146507383	0.0126700764310391	0.000728432305444166	64.24	-30.16	-245.2	-0.69335	-14.31445	61.87	-23.33	-174.8	-0.48837	-12.17279	-14.31445	61.87
AMPL468703966	A	A	24	26	86	C	A	45.8333333333333	38.4615384615385	33.7209302325581	1	2	4	0.343970485603371	0.346569580751976	0.348240990776762	8684396448	16829831053	61508274846	0.01639138542038	-4.11099936140458	0.00361888763314032	0.0154667018138569	0.00187702262725348	63.9	-25.13	-185.1	-0.51578	-13.34526	64.01	-26.52	-201.7	-0.56483	-13.61161	-13.61161	63.9
AMPL469688358	T	A	22	23	164	G	A	54.5454545454545	47.8260869565217	54.2682926829268	2	2	3	0.340898827700473	0.343267894665279	0.340996547464086	53453694738	8235773938	60870017036	0.0103556031123648	-4.57022754224162	0.00389041666735279	0.00983312546300024	0.000694408766730653	65.84	-24.72	-168.8	-0.46455	-14.10485	64.4	-24.79	-177.8	-0.49334	-13.51778	-14.10485	64.4
AMPL469846525	C	G	22	24	82	G	C	50	45.8333333333333	45.1219512195122	1	2	2	0.342501431823724	0.343970485603371	0.34422129966331	12482255905	9848794276	12618018509	0.00793426341378367	-4.83656475681299	0.00211512374358863	0.00817688894875303	0.000454587120272585	64.11	-24.35	-174	-0.48252	-13.32084	64.4	-25.61	-187.9	-0.52326	-13.65442	-13.65442	64.11
AMPL497497076	G	T	25	26	168	C	G	44	38.4615384615385	41.0714285714286	2	2	8	0.344616869266415	0.346569580751976	0.345649404208681	39439707370	40202801479	35949727803	0.00686307549390091	-4.98159961498487	0.00112853490547358	0.00669372633715259	0.000245469784432809	63.96	-26.01	-195.7	-0.54713	-13.50571	64.54	-26.56	-198.7	-0.55502	-13.87834	-13.87834	63.96
AMPL497774927	G	A	28	29	166	A	C	42.8571428571429	34.4827586206897	39.7590361445783	2	2	3	0.34501980973169	0.347972390727236	0.346112118221892	44951432057	33126979191	30143349344	0.011292220570451	-4.48364123544382	0.00187333633460255	0.010201225358376	0.00104312518081099	64.75	-28	-214.8	-0.6023	-14.2341	63.9	-28.11	-222.4	-0.62644	-13.79548	-14.2341	63.9
AMPL492210713	T	T	28	28	151	A	G	39.2857142857143	35.7142857142857	33.7748344370861	1	2	4	0.346278998685673	0.347538187639655	0.348221985614666	23213512919	12697246156	14853106680	0.00499775878054853	-5.29876571092965	0.000846297133199639	0.00509252357684978	0.000212822452246594	64.8	-27.85	-212.6	-0.59569	-14.23523	64.41	-27.76	-214.3	-0.60145	-14.01715	-14.23523	64.41
AMPL492300506	A	G	28	26	135	T	T	39.2857142857143	46.1538461538462	40	3	2	3	0.346278998685673	0.343857481466475	0.346027160894876	51217293279	1954321263	46163635617	0.0154934447978431	-4.16733826077943	0.00876094050899393	0.0147517554562206	0.00166217505751235	64.4	-27.73	-214	-0.60059	-14.00353	64.63	-26.63	-198.9	-0.55545	-13.93515	-14.00353	64.4
AMPL1489306062	T	A	25	24	157	G	G	44	41.6666666666667	41.4012738853503	2	2	4	0.344616869266415	0.345439539383017	0.345533109687453	2500857489	21764417344	38547060007	0.00658303667048314	-5.02325914002989	0.00150139865247618	0.00786790864394948	0.00104102216589679	64.68	-25.75	-187.8	-0.5225	-13.8075	64.32	-25.25	-183.9	-0.51154	-13.55718	-13.8075	64.32
AMPL1486226181	G	T	24	28	170	G	A	45.8333333333333	39.2857142857143	45.2941176470588	3	3	3	0.343970485603371	0.346278998685673	0.344160598445443	45774756893	62915016535	51436596670	0.0104724361411594	-4.55900860292636	0.00172325029464362	0.00996643147378685	0.000782926512241615	64.59	-25.31	-183	-0.50844	-13.68948	64.11	-27.44	-212.5	-0.59668	-13.80556	-13.80556	64.11
AMPL1486309394	T	A	27	33	90	C	G	37.037037037037	27.2727272727273	41.1111111111111	2	3	3	0.347071821360403	0.350514452439978	0.345635413220303	46246331455	5070607202	37667283872	0.0180050382514608	-4.01710365739253	0.00481633504323234	0.0164131189530082	0.00311839929063048	64.41	-27.1	-206.2	-0.57747	-13.90249	63.08	-29.73	-249.7	-0.70925	-13.51975	-13.90249	63.08
AMPL497229850	A	T	25	33	167	A	C	44	27.2727272727273	17.9640718562874	1	4	5	0.344616869266415	0.350514452439978	0.353796432141486	55611349383	13878694599	48742458429	0.000139188742076942	-8.87967968921862	0.000252158378415891	0.000239662305696214	8.32256231327461e-05	64.34	-26.09	-194.2	-0.54203	-13.70401	62.01	-28.89	-248.3	-0.70744	-12.72248	-13.70401	62.01
AMPL1486260392	A	A	33	19	95	G	A	27.2727272727273	52.6315789473684	48.4210526315789	4	2	3	0.350514452439978	0.341573608383947	0.34305812588759	26663877899	24420257730	49236146978	0.00900383049460658	-4.71010518168054	0.00305995941760364	0.00823247551727496	0.000706956150980532	62.01	-28.89	-248.3	-0.70744	-12.72248	63.46	-21.99	-148	-0.40629	-12.70543	-12.72248	62.01
AMPL1380948433	G	T	22	22	106	A	C	54.5454545454545	50	51.8867924528302	3	2	3	0.340898827700473	0.342501431823724	0.341836199923507	28649705139	38693704368	26594227104	0.00835949682176067	-4.78435704248155	0.00176494565555025	0.00836429513533718	0.000567802647496258	65.11	-24.45	-169.5	-0.46769	-13.75923	65.25	-24.32	-167.2	-0.46069	-13.79023	-13.79023	65.11
AMPL1380948434	A	C	21	26	111	A	T	52.3809523809524	38.4615384615385	32.4324324324324	2	3	3	0.341661972521069	0.346569580751976	0.348695280191964	33892870895	31949954677	14530102342	0.0131817023054236	-4.32892560002161	0.00189649970340408	0.0124149454095699	0.00123431212060744	64.19	-23.37	-161.5	-0.44536	-13.19512	64.18	-26.84	-204.6	-0.57313	-13.74771	-13.74771	64.18
AMPL712468205	C	G	20	20	172	G	T	60	60	68.6046511627907	2	1	4	0.338975702752572	0.338975702752572	0.335941935877395	40650165325	39649492510	40793308188	0.00377360801607837	-5.57972370174421	0.00160069599498502	0.0048776377190365	0.00127830415571685	65.6	-23.56	-156.4	-0.4283	-13.7761	66.05	-24.22	-161.8	-0.4436	-14.0812	-14.0812	65.6
AMPL807033687	T	A	17	20	179	G	G	64.7058823529412	55	67.0391061452514	1	1	3	0.337316536130854	0.340738567288148	0.336493904635448	15139844566	19705629917	34234672203	0.00601733278057486	-5.11311117754653	0.00571503466587471	0.00611954569480793	0.000947465843817474	65.63	-21.99	-137.7	-0.37306	-13.47102	64.65	-23.28	-157.9	-0.43404	-13.36468	-13.47102	64.65
AMPL807051270	C	A	20	21	180	G	C	55	52.3809523809524	65	1	2	2	0.340738567288148	0.341661972521069	0.337212838216996	19012847660	34799891797	31969477345	0.00743007493787693	-4.90221933445179	0.00212810368694753	0.00826860058692687	0.00150627805360509	63.25	-22.63	-157.3	-0.4342	-12.7114	64.03	-23.32	-161.7	-0.44617	-13.12539	-13.12539	63.25
AMPL623733836	A	A	21	21	147	C	G	57.1428571428571	52.3809523809524	61.9047619047619	2	2	4	0.339983053915759	0.341661972521069	0.338304135310448	31409042934	27130871678	62220970336	0.00655515967199472	-5.02750280325388	0.00488903535679744	0.00753972057335702	0.00160941680055804	64.5	-23.43	-160.5	-0.44195	-13.33065	64.85	-23.31	-157.2	-0.43169	-13.44723	-13.44723	64.5
AMPL807062547	T	C	20	23	146	C	G	55	56.5217391304348	61.6438356164384	3	2	3	0.340738567288148	0.34020204329906	0.338396130850465	21645987966	5237352880	15640137932	0.00657777629617324	-5.02405853967235	0.00208500047111616	0.00670141185456557	0.000779138895264769	63.96	-22.6	-153.1	-0.42075	-12.99025	66.22	-25.49	-175.8	-0.48463	-14.41821	-14.41821	63.96
AMPL807015613	C	T	21	23	162	A	C	57.1428571428571	47.8260869565217	54.9382716049383	2	2	4	0.339983053915759	0.343267894665279	0.340760331047846	14791418435	31372776770	41891601711	0.0115963388773172	-4.45706584471078	0.00217902634919298	0.0111215102612677	0.00120121238568757	64.63	-23.58	-161.7	-0.44532	-13.40844	64.94	-25.25	-180.2	-0.49959	-13.83653	-13.83653	64.63
AMPL623749092	A	C	22	22	134	A	T	54.5454545454545	54.5454545454545	57.4626865671642	3	2	4	0.340898827700473	0.340898827700473	0.339870290725849	13668885842	31558118478	39180176818	0.0115871307963541	-4.45786021083259	0.00454581772720796	0.011900406365617	0.00174557897904884	65.32	-24.46	-168.5	-0.46443	-13.84481	65.34	-24.29	-166.4	-0.4582	-13.8194	-13.84481	65.32
AMPL868171912	A	A	23	24	87	C	C	47.8260869565217	41.6666666666667	49.4252873563218	1	2	3	0.343267894665279	0.345439539383017	0.342704059931261	59715965213	51285821935	49179729133	0.015888246059412	-4.14217568467613	0.00881155648747976	0.0168467965867133	0.00185447472138416	63.62	-24.43	-178.1	-0.49546	-13.11182	62.77	-24.48	-184.1	-0.51465	-12.72155	-13.11182	62.77
AMPL556199792	C	G	27	20	172	T	A	44.4444444444444	55	56.9767441860465	3	2	3	0.344460170196586	0.340738567288148	0.34004162084385	55903808327	27219936958	9066354260	0.00944547728511748	-4.66221924620669	0.00173998531346672	0.00954202607580874	0.000738984799462564	64.06	-26.84	-205.4	-0.57573	-13.68191	64.2	-23.03	-157.1	-0.43229	-13.14743	-13.68191	64.06
AMPL868360804	T	G	21	23	178	T	C	52.3809523809524	47.8260869565217	58.4269662921348	2	3	4	0.341661972521069	0.343267894665279	0.339530311819944	45178585966	54126042047	17996785664	0.0038982251939632	-5.54723390789714	0.00355164391282389	0.0045632031506932	0.00102446339853682	64.82	-23.49	-159.5	-0.43853	-13.46951	64.83	-25.02	-178.1	-0.49356	-13.74452	-13.74452	64.82
AMPL556343103	T	T	21	26	171	T	G	52.3809523809524	42.3076923076923	53.2163742690058	2	2	4	0.341661972521069	0.345213531109226	0.34136742539733	45459295289	22957004292	53721559416	0.00955299915844333	-4.65090012578771	0.00204376619908123	0.0100300193451757	0.00101645415205541	65.01	-23.44	-157.9	-0.43354	-13.53118	64.14	-26.22	-197.1	-0.55097	-13.62699	-13.62699	64.14
AMPL623737664	T	C	21	22	101	G	T	52.3809523809524	50	50.4950495049505	2	2	3	0.341661972521069	0.342501431823724	0.342326890780598	5460061742	20682846838	16203471586	0.00922627382500221	-4.68570001457719	0.00615459202014179	0.00998225068211414	0.00148461891445515	64.16	-23.22	-159.8	-0.44035	-13.16345	63.58	-23.85	-170.9	-0.47413	-13.01471	-13.16345	63.58
AMPL623762017	G	T	21	27	161	T	G	52.3809523809524	40.7407407407407	57.7639751552795	3	2	3	0.341661972521069	0.345765995778494	0.339764064532457	8678840008	47646841975	27560935815	0.00701654666073129	-4.95948411065178	0.00254291148046426	0.00809489503044928	0.00153789926275988	64.71	-23.49	-160.1	-0.44047	-13.42349	64.55	-26.94	-203.3	-0.56862	-13.94954	-13.94954	64.55
AMPL1371818112	A	C	28	22	167	G	G	42.8571428571429	50	44.9101796407186	2	2	3	0.34501980973169	0.342501431823724	0.34429596458449	18125047369	28030064000	28835764373	0.00536565001194617	-5.22773775237341	0.00155788009019379	0.00607966992535114	0.000966715129587209	65.02	-27.92	-212	-0.59351	-14.36117	63.52	-23.82	-170.9	-0.47423	-12.98141	-14.36117	63.52
AMPL623736840	C	A	22	20	119	C	T	50	55	51.2605042016807	3	2	3	0.342501431823724	0.340738567288148	0.342057012192906	9104180153	7109967525	11464877730	0.00578289865371558	-5.15285022482291	0.00283790187147323	0.00783010810647635	0.00234363215652557	63.95	-24.06	-171.4	-0.47506	-13.20502	64.34	-22.76	-153.1	-0.42025	-13.15675	-13.20502	63.95
AMPL623750282	T	C	23	21	136	C	G	52.1739130434783	57.1428571428571	63.9705882352941	3	2	3	0.341734968982169	0.339983053915759	0.337575780915497	10459039183	18798748149	62554698834	0.013951923319661	-4.27213790784115	0.0032477512014142	0.0128726389666942	0.00372576847068009	65.09	-24.79	-173.8	-0.48044	-13.81348	64.33	-23.56	-163	-0.4496	-13.2832	-13.81348	64.33
AMPL556385351	G	C	21	26	86	C	C	57.1428571428571	42.3076923076923	54.6511627906977	1	2	3	0.339983053915759	0.345213531109226	0.340861557837142	59569387698	57055119821	34196138165	0.00660978295075001	-5.0192044621554	0.00192054713777749	0.00696070547893586	0.000603129311497085	64.66	-23.64	-162.3	-0.44706	-13.42902	64.35	-26.74	-202.2	-0.56572	-13.81524	-13.81524	64.35
AMPL623758630	C	T	25	20	146	C	C	48	50	51.3698630136986	1	4	3	0.343206577637955	0.342501431823724	0.342018455238635	41472251319	34280146263	14132227570	0.01286401431048	-4.35332145410212	0.00209776273529085	0.0120021888315225	0.000673556621430963	64.95	-26.42	-194.3	-0.54129	-14.05043	64.26	-22.61	-151.6	-0.4159	-13.1053	-14.05043	64.26
AMPL1371818357	A	G	21	27	176	G	G	47.6190476190476	44.4444444444444	51.1363636363636	2	3	4	0.343340891126379	0.344460170196586	0.342100780792911	42747448827	52338357720	34717357989	0.00901324271911184	-4.709060369879	0.00186630519832402	0.00886508319234298	0.000862030602166784	64.54	-23.49	-161	-0.44337	-13.35779	64.98	-27.6	-208.4	-0.58293	-14.28431	-14.28431	64.54
AMPL623742865	G	T	21	21	168	T	G	57.1428571428571	47.6190476190476	55.9523809523809	2	2	3	0.339983053915759	0.343340891126379	0.340402783567086	47741309247	3740257077	117012512	0.00321400165532133	-5.74023849663231	0.00134865479332234	0.0048965580908269	0.0011394811112364	64.89	-23.64	-161	-0.44288	-13.52096	64.56	-23.72	-163.7	-0.45134	-13.40378	-13.52096	64.56
AMPL623764571	T	A	22	23	134	C	T	50	43.4782608695652	55.9701492537313	2	3	3	0.342501431823724	0.344800820348388	0.340396518945424	24783471173	18803378911	48627807797	0.0101497885225517	-4.59030240892797	0.00215939302454113	0.0101738588378067	0.00134358270858726	64.92	-24.39	-169.9	-0.46916	-13.66972	63.95	-24.7	-179.4	-0.49879	-13.30293	-13.66972	63.95
AMPL1371818403	G	A	24	21	168	C	C	50	52.3809523809524	54.7619047619048	2	2	4	0.342501431823724	0.341661972521069	0.340822513218413	16593548688	1620328587	44100513764	0.00759760861092988	-4.87992173766118	0.00433430414389314	0.00911416975822583	0.00139950144979185	65.34	-26.02	-187	-0.51905	-14.15635	65.2	-23.48	-157.4	-0.43181	-13.60727	-14.15635	65.2
AMPL1371818429	T	A	25	18	176	A	G	44	61.1111111111111	50.5681818181818	2	1	4	0.344616869266415	0.338583955078	0.342301106308318	7026768773	60854815081	12492905642	0.00320583392911084	-5.74278302616425	0.00106032078935459	0.00376285963552697	0.000781543220744205	63.97	-25.44	-188.5	-0.52575	-13.42525	63.98	-21.58	-140.2	-0.38246	-12.84082	-13.42525	63.97
AMPL623760758	C	A	25	20	101	G	T	40	55	55.4455445544554	4	2	3	0.346027160894876	0.340738567288148	0.340581480349334	12109759036	47960732206	25103499229	0.0123237931041694	-4.39622348643072	0.00239015724105675	0.0131225424470864	0.00102608824137542	64.03	-25.76	-192.1	-0.53634	-13.49878	64.22	-22.76	-153.7	-0.42219	-13.11073	-13.49878	64.03
AMPL623770850	T	T	24	22	108	T	G	45.8333333333333	50	52.7777777777778	1	2	5	0.343970485603371	0.342501431823724	0.341522062637293	37487794492	61540405548	59346002166	0.0124463257268042	-4.38632982197364	0.00259589287878031	0.0129663317928638	0.00120239488018016	65.14	-25.37	-180.4	-0.49987	-13.94329	65.08	-24.27	-167.6	-0.46212	-13.71404	-13.94329	65.08
AMPL807207246	G	T	26	23	82	A	G	42.3076923076923	47.8260869565217	36.5853658536585	2	1	3	0.345213531109226	0.343267894665279	0.347231068382586	20535546803	60057988072	28796104150	0.00789496499174101	-4.84153006551603	0.0046993039331074	0.00924453104015813	0.00179516150021551	63.91	-26.56	-203	-0.56887	-13.56629	64.68	-24.66	-174.6	-0.48343	-13.61781	-13.61781	63.91
